1,India1,ram1,DemoAudit,2/10/2020 1:51:21 PM,CORP\Priyanka.Dhananjaya,Data Flow Task,PDHANANJAYA01
2,India1,raj1,DemoAudit,2/10/2020 1:51:21 PM,CORP\Priyanka.Dhananjaya,Data Flow Task,PDHANANJAYA01
3,Canada,raan1,DemoAudit,2/10/2020 1:51:21 PM,CORP\Priyanka.Dhananjaya,Data Flow Task,PDHANANJAYA01
4,Canada,payal1,DemoAudit,2/10/2020 1:51:21 PM,CORP\Priyanka.Dhananjaya,Data Flow Task,PDHANANJAYA01
5,India,priya,DemoAudit,2/10/2020 1:51:21 PM,CORP\Priyanka.Dhananjaya,Data Flow Task,PDHANANJAYA01
6,India,annu,DemoAudit,2/10/2020 1:51:21 PM,CORP\Priyanka.Dhananjaya,Data Flow Task,PDHANANJAYA01
7,India,baanu,DemoAudit,2/10/2020 1:51:21 PM,CORP\Priyanka.Dhananjaya,Data Flow Task,PDHANANJAYA01
8,Canada,caanu,DemoAudit,2/10/2020 1:51:21 PM,CORP\Priyanka.Dhananjaya,Data Flow Task,PDHANANJAYA01
9,Canada,dhanu,DemoAudit,2/10/2020 1:51:21 PM,CORP\Priyanka.Dhananjaya,Data Flow Task,PDHANANJAYA01
10,India,eemme,DemoAudit,2/10/2020 1:51:21 PM,CORP\Priyanka.Dhananjaya,Data Flow Task,PDHANANJAYA01
